{"cameraMode":{"drawMode":0,"name":"Shaded","section":"Shading Mode"},"sceneLighting":false,"audioPlay":false,"sceneViewState":{"showFog":true,"showMaterialUpdate":false,"showSkybox":true,"showFlares":true,"showImageEffects":true,"showParticleSystems":true},"in2DMode":false,"pivot":{"x":353.7416076660156,"y":-973.8193359375,"z":-548.7992553710938},"rotation":{"x":0.03828318789601326,"y":0.8388161063194275,"z":-0.5397990345954895,"w":0.05948934331536293},"size":1946.4803466796875,"orthographic":false}