{"cameraMode":{"drawMode":0,"name":"Shaded","section":"Shading Mode"},"sceneLighting":false,"audioPlay":false,"sceneViewState":{"showFog":true,"showMaterialUpdate":false,"showSkybox":true,"showFlares":true,"showImageEffects":true,"showParticleSystems":true},"in2DMode":false,"pivot":{"x":-3.5896618366241457,"y":-2.4185845851898195,"z":-10.61407470703125},"rotation":{"x":-0.021461782976984979,"y":0.9779434204101563,"z":-0.1286611258983612,"w":-0.16313311457633973},"size":13.020106315612793,"orthographic":false}